year,Austria,Canada,China,France,Germany,Italy,Japan,Netherlands (Europe),Norway,Russia,Slovenia,Sweden
2009,7.616,-4.135083333,7.8095,13.94166667,9.359166667,14.05291667,12.93383333,10.31841667,1.3855,-4.6085,11.23741667,3.502416667
2010,6.649083333,-1.887916667,7.548416667,13.11541667,8.009,13.32491667,13.21558333,8.838416667,-0.2155,-4.520583333,10.194,1.6585
2011,7.855583333,-3.557083333,7.357083333,14.47958333,9.819583333,14.17316667,12.73775,10.70125,2.118916667,-3.401583333,11.20808333,4.51875
2012,7.611333333,-3.176833333,7.077083333,13.70716667,9.227166667,14.079,12.56566667,10.04691667,1.141666667,-3.90175,11.27825,2.972833333
2013,8.055125,-1.640666667,9.295,13.584625,9.23525,14.165,12.96475,9.4525,1.735375,-2.263125,11.74475,4.19975
